{"cameraMode":{"drawMode":0,"name":"Shaded","section":"Shading Mode"},"sceneLighting":false,"audioPlay":false,"sceneViewState":{"showFog":true,"showMaterialUpdate":false,"showSkybox":false,"showFlares":true,"showImageEffects":true,"showParticleSystems":true,"showVisualEffectGraphs":true,"m_FxEnabled":true},"in2DMode":false,"pivot":{"x":21.91937255859375,"y":1.5611709356307984,"z":-0.6929082274436951},"rotation":{"x":-0.004459039308130741,"y":-0.8040987849235535,"z":0.006030446384102106,"w":-0.5944515466690064},"size":1.5193374156951905,"orthographic":false}